<?xml version="1.0" encoding="UTF-8" ?>
<document>
<!--The data in this file is primarily intended for consumption by Xilinx tools.
The structure and the elements are likely to change over the next few releases.
This means code written to parse this file will need to be revisited each subsequent release.-->
<application name="pa" timeStamp="Fri Jul 09 13:19:19 2021">
<section name="Project Information" visible="false">
<property name="ProjectID" value="03e0088390bb452aa82af889475ab422" type="ProjectID"/>
<property name="ProjectIteration" value="1" type="ProjectIteration"/>
</section>
<section name="PlanAhead Usage" visible="true">
<item name="Project Data">
<property name="SrcSetCount" value="1" type="SrcSetCount"/>
<property name="ConstraintSetCount" value="1" type="ConstraintSetCount"/>
<property name="DesignMode" value="RTL" type="DesignMode"/>
<property name="SynthesisStrategy" value="Vivado Synthesis Defaults" type="SynthesisStrategy"/>
<property name="ImplStrategy" value="Vivado Implementation Defaults" type="ImplStrategy"/>
</item>
<item name="Java Command Handlers">
<property name="AddSources" value="26" type="JavaHandler"/>
<property name="CloseProject" value="1" type="JavaHandler"/>
<property name="CoreView" value="1" type="JavaHandler"/>
<property name="CustomizeCore" value="1" type="JavaHandler"/>
<property name="EditDelete" value="8" type="JavaHandler"/>
<property name="EditUndo" value="4" type="JavaHandler"/>
<property name="NewProject" value="1" type="JavaHandler"/>
<property name="ProjectSettingsCmdHandler" value="32" type="JavaHandler"/>
<property name="RecustomizeCore" value="69" type="JavaHandler"/>
<property name="RunSynthesis" value="1" type="JavaHandler"/>
<property name="SaveFileProxyHandler" value="12" type="JavaHandler"/>
<property name="SimulationClose" value="1" type="JavaHandler"/>
<property name="SimulationRun" value="170" type="JavaHandler"/>
<property name="ToggleViewNavigator" value="2" type="JavaHandler"/>
<property name="ToolsTemplates" value="1" type="JavaHandler"/>
</item>
<item name="Gui Resources Info">
<property name="PAResourceCommand.PACommandNames_SIMULATION_RUN_POST_SYNTHESIS_FUNCTIONAL, Run Post-Synthesis Functional Simulation" value="3" type="GuiResourceData"/>
<property name="PAResourceCommand.PACommandNames_SIMULATION_RUN_POST_SYNTHESIS_TIMING, Run Post-Synthesis Timing Simulation" value="1" type="GuiResourceData"/>
<property name="PAResourceEtoH.FileSetPanel_FILE_SET_PANEL_TREE, [root, Simulation Sources, sim_1, cpu_tb (cpu_tb.v" value="2" type="GuiResourceData"/>
<property name="PAResourceEtoH.FileSetPanel_FILE_SET_PANEL_TREE, [root, Simulation Sources, sim_1], 5, true" value="1" type="GuiResourceData"/>
<property name="PAResourceEtoH.FileSetPanel_FILE_SET_PANEL_TREE, [root, Simulation Sources, sim_1], 5, true, false, false, false, false, true" value="1" type="GuiResourceData"/>
<property name="PAResourceEtoH.FileSetPanel_FILE_SET_PANEL_TREE, [root, Simulation Sources], 4, true" value="1" type="GuiResourceData"/>
<property name="PAResourceEtoH.FileSetPanel_FILE_SET_PANEL_TREE, [root, Simulation Sources], 4, true, false, false, false, false, true" value="1" type="GuiResourceData"/>
<property name="PAResourceEtoH.FlowNavigatorTreePanel_FLOW_NAVIGATOR_TREE, [, Simulation, Run Simulation], 11, false" value="3" type="GuiResourceData"/>
<property name="PAResourceEtoH.FlowNavigatorTreePanel_FLOW_NAVIGATOR_TREE, [, Simulation, Simulation Settings], 10, false" value="1" type="GuiResourceData"/>
<property name="PAResourceEtoH.GettingStartedView_RECENT_PROJECTS, D:/computer_composition/MIPS54/cpu_54/cpu_54.xpr, 0" value="1" type="GuiResourceData"/>
<property name="cpu_tb.v, 102, 317" value="1" type="GuiResourceData"/>
<property name="cpu_tb.v, 107, 151" value="1" type="GuiResourceData"/>
<property name="cpu_tb.v, 119, 175" value="1" type="GuiResourceData"/>
<property name="cpu_tb.v, 134, 193" value="1" type="GuiResourceData"/>
<property name="cpu_tb.v, 247, 221" value="1" type="GuiResourceData"/>
<property name="cpu_tb.v, 250, 197" value="1" type="GuiResourceData"/>
<property name="cpu_tb.v, 46, 101" value="1" type="GuiResourceData"/>
<property name="cpu_tb.v, 46, 163" value="1" type="GuiResourceData"/>
<property name="cpu_tb.v, 50, 214" value="1" type="GuiResourceData"/>
</item>
<item name="Other">
<property name="GuiMode" value="114" type="GuiMode"/>
<property name="BatchMode" value="0" type="BatchMode"/>
<property name="TclMode" value="104" type="TclMode"/>
</item>
</section>
</application>
</document>
